season,name,k%_xgb,bb%_xgb,k%_poly,bb%_poly,k%,bb%,k% mods,bb% mods,k-bb act,k-bb mods,k-bb diff,w_k_bb,k/bb act,k/bb mods,k/bb diff
2024,Jack Flaherty,0.3043541,0.06418979,0.3188108397031048,0.06024560906806853,0.32474227,0.03092784,0.31158247056127686,0.062217700373725426,0.29381443,0.24936477018755143,-0.04444965981244858,0.2929171604491592,10.499998383333592,5.007939359534065,-5.492059023799527
2024,Chris Sale,0.29436415,0.049666494,0.30269200244082717,0.04301840290188763,0.31282051,0.04102564,0.2985280783898319,0.046342448516487944,0.27179487,0.252185629873344,-0.019609240126656047,0.2846253438348855,7.6250001218750025,6.441784755581486,-1.183215366293516
2024,Tarik Skubal,0.31155413,0.04582493,0.3142970935497407,0.04460193837698134,0.31578947,0.03827751,0.3129256137209,0.045213434224406046,0.27751196,0.26771217949649395,-0.00979978050350605,0.29936158345357816,8.250000326562517,6.921075983031254,-1.3289243435312637
2024,Nick Lodolo,0.29195836,0.067376405,0.30998398022227325,0.07537176591613437,0.30714286,0.06428571,0.3009711710431816,0.07137408545841051,0.24285715000000002,0.2295970855847711,-0.013260064415228923,0.27955894540565845,4.777778140740765,4.216812994662561,-0.5609651460782041
2024,Edward Cabrera,0.26758707,0.09646246,0.26671541829470913,0.09073652625847539,0.31958763,0.1443299,0.2671512419957127,0.09359949231529574,0.17525773,0.17355174968041698,-0.0017059803195830225,0.239071394301124,2.2142856746938784,2.854195416955864,0.6399097422619855
2024,Jared Jones,0.3681428,0.04548369,0.3479819518246347,0.027239390874092884,0.30582524,0.03398058,0.35806238263438617,0.03636154031464711,0.27184466,0.32170084231973906,0.04985618231973904,0.34715392053999206,9.00000058857147,9.847283133111716,0.8472825445402457
2024,Sonny Gray,0.27991006,0.056636162,0.28798526687179554,0.04879361475669364,0.31927711,0.04819277,0.28394766232746116,0.05271488842945804,0.27108434,0.23123277389800312,-0.03985156610199686,0.26813319579862377,6.625000181562503,5.386479432796941,-1.2385207487655618
2024,Yoshinobu Yamamoto,0.26404327,0.058940783,0.27415210185436995,0.0486376605259391,0.2746114,0.05181347,0.26909768669798273,0.05378922183449131,0.22279793,0.21530846486349142,-0.007489465136508583,0.2529609201476353,5.300000173700005,5.002817990674648,-0.2971821830253569
2024,Tanner Houck,0.25197706,0.0582531,0.26192648995349493,0.0508272085823025,0.24255319,0.04680851,0.25695177310918615,0.05454015343077012,0.19574468,0.20241161967841603,0.006666939678416028,0.24058972707995513,5.181818220661158,4.711240378803568,-0.47057784185758944
2024,Clarke Schmidt,0.28835595,0.08751052,0.28862090849587224,0.0887697050868721,0.26960784,0.07352941,0.28848842751835235,0.08814011190827942,0.19607842999999997,0.20034831561007294,0.004269885610072965,0.26204639394586854,3.666666712000001,3.273066272238909,-0.39360043976109216
2024,Michael King,0.24136786,0.08297534,0.26232151672206505,0.0825648106020831,0.25454545,0.10454545,0.25184468917529873,0.08277007673592085,0.15000000000000002,0.16907461243937788,0.019074612439377858,0.22701366615452248,2.4347826710775076,3.0427021347196876,0.6079194636421801
2024,Corbin Burnes,0.27822778,0.060195714,0.26893017875369374,0.06604390412517724,0.23333333,0.06666667,0.27357897752133997,0.06311980918024152,0.16666666000000002,0.21045916834109846,0.043792508341098435,0.2546430347672675,3.4999997750000116,4.334280807790826,0.8342810327908143
2024,Brady Singer,0.21709438,0.084906496,0.22459658583394926,0.07637617655395057,0.25,0.07692308,0.2208454812585922,0.08064133633076442,0.17307692,0.1402041449278278,-0.032872775072172206,0.19665308035936288,3.249999870000005,2.7386138586885043,-0.5113860113115005
2024,Dylan Cease,0.3109322,0.0901925,0.32426379708674163,0.10159802444157662,0.32692308,0.08173077,0.3175979931564461,0.09589526060907871,0.24519230999999997,0.2217027325473674,-0.023489577452632582,0.2888294149737225,4.0,3.311925856806922,-0.6880741431930781
2024,Nathan Eovaldi,0.29066628,0.08180463,0.2919898039484562,0.08168463041886653,0.26190476,0.11309524,0.2913280430627138,0.08174463177971525,0.14880952000000003,0.20958341128299857,0.06077389128299854,0.26680465352879923,2.315789417839336,3.563879813512185,1.248090395672849
2024,Reid Detmers,0.2775319,0.08978889,0.26725117268217796,0.08158361741199016,0.2629108,0.08450704,0.27239153237170577,0.0856862543935275,0.17840376,0.18670527797817826,0.008301517978178269,0.2466856560536475,3.111111216296299,3.178940826619695,0.06782961032339596
2024,Patrick Sandoval,0.25044683,0.082057744,0.2537877670348081,0.08122140426554303,0.23762376,0.08415842,0.2521172966271834,0.08163957426507285,0.15346534,0.17047772236211056,0.017012382362110556,0.22762542434766156,2.823529244013849,3.088175053541951,0.2646458095281021
2024,Ryan Pepiot,0.32059655,0.08617784,0.3007107028722186,0.09164187365407117,0.29078014,0.07801418,0.3106536244034479,0.08890985724148337,0.21276596000000003,0.22174376716196453,0.008977807161964502,0.2839806672310029,3.727272913719019,3.494029054165479,-0.23324385955353977
2024,Aaron Civale,0.22274038,0.073311225,0.20411841928433744,0.06445266222062651,0.24623116,0.06030151,0.21342940062021895,0.0688819434002188,0.18592965,0.14454745722000015,-0.041382192779999855,0.19276481760015332,4.083333236597226,3.0984811125340723,-0.9848521240631536
2024,Tyler Glasnow,0.292322,0.07114283,0.2898958003667389,0.07252613623171156,0.3375,0.06666667,0.29110890508430176,0.07183448309316787,0.27083333000000004,0.2192744219911339,-0.051558908008866144,0.2695585601563514,5.062499746875013,4.0524952996006025,-1.0100044472744107
2024,Spencer Turnbull,0.249178,0.09577163,0.27079910490049913,0.10089915148799378,0.28346457,0.07874016,0.2599885560727815,0.09833539228829125,0.20472441000000002,0.16165316378449024,-0.043071246215509784,0.2304879383862941,3.5999999238000027,2.6438960584055984,-0.9561038653944043
2024,José Soriano,0.25577015,0.107116625,0.25897145012018646,0.10851629775180949,0.24822695,0.12056738,0.2573707984834789,0.10781646123237676,0.12765957,0.14955433725110212,0.02189476725110212,0.22502586011376585,2.0588234562283763,2.387119698992603,0.32829624276422686
2024,Cole Ragans,0.3032766,0.08069028,0.30136304761638244,0.0823041765717345,0.27586207,0.07758621,0.3023198230349521,0.08149722808736948,0.19827586000000003,0.2208225949475826,0.02254673494758258,0.2778706546087412,3.555555426666672,3.709571848392791,0.1540164217261193
2024,Seth Lugo,0.200513,0.07475237,0.20813663800015525,0.06633780240930776,0.20689655,0.05172414,0.20432482162840404,0.07054508522112002,0.15517241,0.13377973640728402,-0.02139267359271599,0.18316129606206805,3.9999998066666747,2.896372170902596,-1.1036276357640786
2024,Garrett Crochet,0.28987005,0.07058739,0.283513879110983,0.0689435455363312,0.33653846,0.05769231,0.2866919663203612,0.06976546735372735,0.27884615,0.21692649896663385,-0.06191965103336616,0.265762326114243,5.8333330733333435,4.109367817558871,-1.7239652557744725
2024,Logan Gilbert,0.27885726,0.080571525,0.27803115753315627,0.0774840386143627,0.2735426,0.08071749,0.27844420923780766,0.0790277817066164,0.19282511000000002,0.19941642753119126,0.006591317531191243,0.25473587472582276,3.3888888269444455,3.5233711895331568,0.13448236258871127
2024,Reynaldo López,0.22228193,0.07574489,0.2344687659486755,0.07102294794954611,0.25157233,0.10062893,0.22837534938974302,0.0733839188130585,0.1509434,0.15499143057668452,0.004048030576684514,0.20636017374582546,2.5000000496875003,3.1120626028642144,0.6120625531767141
2024,Pablo López,0.28312138,0.08031977,0.28657018121448335,0.08642722055825613,0.28712871,0.03960396,0.284845779222087,0.08337349511937808,0.24752475000000002,0.2014722841027089,-0.04605246589729112,0.2598337306862736,7.25,3.4165027964130736,-3.8334972035869264
2024,Yusei Kikuchi,0.25599468,0.066716194,0.25477522033847383,0.06541243116937845,0.26315789,0.04784689,0.255384948941057,0.06606431266110524,0.215311,0.18932063627995177,-0.025990363720048232,0.23556565514272543,5.4999998955,3.86570205083527,-1.6342978446647303
2024,Zack Wheeler,0.298891,0.0644628,0.2899646889556217,0.06509294285480771,0.29098361,0.07786885,0.2944278484279299,0.06477787307950156,0.21311476000000001,0.22964997534842835,0.016535215348428334,0.2749944865040794,3.736842267479229,4.5451916592966874,0.8083493918174582
2024,Bailey Ober,0.23864076,0.045148354,0.24743366230061886,0.0478767552471262,0.27439024,0.04878049,0.24303720885779082,0.0465125546354106,0.22560975,0.19652465422238022,-0.02908509577761978,0.22908344246716764,5.624999666875015,5.225195880184218,-0.3998037866907964
2024,Freddy Peralta,0.2935229,0.1095606,0.2869099251948973,0.11400520980024909,0.31219512,0.08292683,0.290216409788687,0.11178290560674953,0.22926828999999999,0.17843350418193749,-0.0508347858180625,0.25668153810666217,3.7647058256055366,2.5962503677410544,-1.1684554578644821
2024,Spencer Arrighetti,0.25623283,0.085740514,0.2553175395219299,0.08134560728244944,0.23622047,0.11811024,0.25577518371188507,0.08354306069102369,0.11811022999999998,0.17223212302086138,0.0541218930208614,0.23071226550457796,1.9999999153333359,3.061596996761299,1.0615970814279632
2024,Jesús Luzardo,0.281512,0.089319624,0.2859716389222943,0.09328093818590788,0.26923077,0.08974359,0.2837418155692023,0.09130028109632804,0.17948718000000002,0.19244153447287426,0.012954354472874241,0.2563517312403039,3.0,3.1077868782225906,0.10778687822259059
2024,Joe Ryan,0.24321447,0.041481197,0.2568928599160775,0.041568972308664076,0.27358491,0.03301887,0.2500536665221982,0.041525084594502326,0.24056604,0.20852858192769586,-0.032037458072304154,0.23759614114384747,8.285713896326556,6.021749719814028,-2.263964176512528
2024,José Berríos,0.1859899,0.06630814,0.19120575790647726,0.06315254787324243,0.19534884,0.0744186,0.18859782966496577,0.06473034431397107,0.12093024,0.1238674853509947,0.0029372453509947105,0.16917872637077444,2.6250002015625125,2.9135922520384274,0.28859205047591496
2024,Reese Olson,0.23196326,0.10451802,0.23895124452071653,0.09496943438273786,0.21693122,0.07936508,0.23545725324132674,0.0997437265228337,0.13756614,0.13571352671849304,-0.0018526132815069596,0.20553413528447664,2.733333350133333,2.3606221809591705,-0.37271116917416247
2024,Zach Eflin,0.2198616,0.03419272,0.21485854207119565,0.03408879976420409,0.18636364,0.01818182,0.21736006944696715,0.034140759164834056,0.16818181999999998,0.1832193102821331,0.015037490282133109,0.20711784169751693,10.249999175000081,6.366585710573599,-3.883413464426482
2024,Cooper Criswell,0.20646638,0.067707315,0.2213258459611533,0.06988251470096074,0.25925926,0.05555556,0.21389611137130846,0.06879491489413958,0.2037037,0.14510119647716888,-0.05860250352283111,0.19325763690306658,4.666666306666696,3.109184911420387,-1.5574813952463087
2024,Kevin Gausman,0.23883347,0.061756887,0.24116018540187129,0.06073110186150288,0.22560976,0.06097561,0.23999682876727704,0.061243994201673146,0.16463414999999998,0.1787528345656039,0.014118684565603917,0.2216236305067751,3.7000000492,3.91869981531545,0.21869976611545017
2024,Luis Castillo,0.2703471,0.051966097,0.26011607981371304,0.04541527645429877,0.28959276,0.04977376,0.2652315841945381,0.04869068683008804,0.239819,0.21654089736445004,-0.02327810263554997,0.25062437814551164,5.818181306776904,5.44727547426257,-0.3709058325143344
2024,Joe Musgrove,0.25727585,0.086072214,0.2579105124712132,0.08404380526374822,0.20111732,0.0726257,0.257593181025989,0.0850580096057606,0.12849161999999997,0.1725351714202284,0.04404355142022842,0.2320757781442608,2.7692307268639063,3.028441204066729,0.25921047720282253
2024,Brandon Pfaadt,0.23464206,0.052999485,0.24110244566180988,0.051831315013724844,0.22767857,0.04464286,0.237872252136363,0.05241540014890744,0.18303571,0.18545685198745557,0.0024211419874555773,0.22214763209169078,5.099999641600023,4.538213033966913,-0.5617866076331106
2024,Ranger Suárez,0.22601028,0.048935007,0.207440279323311,0.04626231651470847,0.26484018,0.0456621,0.2167252785953141,0.04759866190933082,0.21917808,0.16912661668598328,-0.05005146331401672,0.20244568002251484,5.8,4.553180066451179,-1.2468199335488208
2024,Dane Dunning,0.26164478,0.1180079,0.245304058583608,0.11491266841977743,0.28104575,0.11111111,0.25347441960972084,0.11646028337523295,0.16993463999999997,0.13701413623448788,-0.03292050376551209,0.21853633459715094,2.5294117752941174,2.1764880890168437,-0.3529236862772738
2024,Nick Pivetta,0.2696355,0.046087503,0.27610220667647606,0.043481134036182256,0.275,0.025,0.2728688526000941,0.0447843187347049,0.25,0.22808453386538918,-0.021915466134610817,0.2594335569796826,11.0,6.092955309123385,-4.907044690876615
2024,Dean Kremer,0.22425,0.07992446,0.20554514704561577,0.07533718231034192,0.25268817,0.08064516,0.21489757537055187,0.07763081954276518,0.17204301,0.1372667558277867,-0.034776254172213306,0.19160832950772233,3.133333358133334,2.7681992362861676,-0.3651341218471664
2024,Framber Valdez,0.24839996,0.1035966,0.24082383742441504,0.10149004979130383,0.21232877,0.07534247,0.24461189771945163,0.1025433238506156,0.1369863,0.14206857386883603,0.005082273868836029,0.21384890056426695,2.818181697520668,2.3854492767934903,-0.43273242072717766
2024,Tyler Alexander,0.22858699,0.044208355,0.2184898837345267,0.04391793052267157,0.18518519,0.05925926,0.22353843519774202,0.04406314288532298,0.12592593,0.17947529231241904,0.05354936231241905,0.21031949233214514,3.1250000421874993,5.073138695065725,1.9481386528782259
2024,Kyle Gibson,0.2123843,0.11952856,0.21511787928002984,0.11447389712684575,0.18859649,0.10087719,0.21375108886191205,0.11700122947868319,0.0877193,0.09674985938322886,0.009030559383228859,0.1786507200183071,1.8695652604914945,1.826913185564909,-0.042652074926585515
2024,Joe Ross,0.26258883,0.08724339,0.25798216753730785,0.0908858584751584,0.19337017,0.08287293,0.2602854981697083,0.08906462576935181,0.11049724000000001,0.1712208724003565,0.060723632400356484,0.23356611043890277,2.3333333333333335,2.9224340856016444,0.5891007522683109
2024,Matt Manning,0.22693981,0.07173167,0.22076531115528192,0.06902885773107359,0.22680412,0.09278351,0.22385256172893567,0.07038026471100722,0.13402060999999998,0.15347229701792844,0.01945168701792846,0.2027384823156335,2.444444276790132,3.1806155127166766,0.7361712359265447
2024,Martín Pérez,0.17258921,0.06426463,0.16330772082172407,0.05899576617166713,0.18181818,0.06363636,0.1679484667388726,0.06163019946657278,0.11818181999999999,0.10631826727229982,-0.011863552727700177,0.14945940689890075,2.857142991836742,2.725100165057313,-0.13204282677942913
2024,Mitch Keller,0.19453865,0.06244167,0.19993429382101519,0.06714612994164515,0.21610169,0.06779661,0.19723647335894814,0.06479389967307592,0.14830508000000003,0.13244257368587223,-0.015862506314127806,0.17779830345702538,3.1874999354687503,3.044059307344124,-0.1434406281246261
2024,Jon Gray,0.2309101,0.07270335,0.23432618989303977,0.06865122079011998,0.22748815,0.06635071,0.23261814124263958,0.07067728370009463,0.16113744000000002,0.16194085754254495,0.0008034175425449264,0.2114149561326112,3.4285714501020417,3.2912716655850787,-0.137299784516963
2024,Grayson Rodriguez,0.274215,0.07848438,0.27221728188140515,0.08504600894559733,0.25342466,0.08219178,0.27321614733508887,0.08176519385034497,0.17123288000000003,0.1914509534847439,0.02021807348474386,0.24868658917998537,3.0833333941666674,3.341472507668202,0.25813911350153473
2024,Austin Gomber,0.19833024,0.07315264,0.1883609000910293,0.06651641315005885,0.16908213,0.0821256,0.19334556927626187,0.06983452606093221,0.08695652999999999,0.12351104321532966,0.03655451321532967,0.1723952114579822,2.0588236798269963,2.7686243493306373,0.709800669503641
2024,Merrill Kelly,0.23225428,0.0502845,0.2241182344678183,0.05179264003911288,0.22826087,0.06521739,0.22818625805393555,0.05103857060213224,0.16304348000000002,0.17714768745180332,0.014104207451803297,0.2128746868732959,3.500000076666668,4.470859104435864,0.9708590277691962
2024,Logan Allen,0.19207132,0.08435524,0.1856099242137324,0.08035467055188739,0.18090452,0.07537688,0.1888406214200681,0.08235495655113023,0.10552764000000002,0.10648566486893787,0.000958024868937854,0.16413413445472905,2.40000010613334,2.293008573234157,-0.10699153289918284
2024,Logan Webb,0.17685531,0.0750709,0.18128732442298795,0.07355385142977489,0.187251,0.06772908,0.17907131761033965,0.07431237706748373,0.11952192,0.10475894054285592,-0.014762979457144082,0.15677760449009454,2.764706090795859,2.4097105310966356,-0.3549955596992236
2024,Miles Mikolas,0.1625312,0.05018463,0.16123478277779424,0.0406365316590509,0.16587678,0.04739336,0.16188298992443484,0.045410580758295516,0.11848342,0.11647240916613932,-0.0020110108338606825,0.14825981569694618,3.500000422000044,3.5648738074080315,0.0648733854079877
2024,Ryan Weathers,0.2114784,0.1007036,0.20960505071581087,0.09438988455527064,0.17924528,0.0754717,0.21054172398299317,0.09754674081202863,0.10377358,0.11299498317096454,0.009221403170964537,0.1812777017393846,2.3749999006250024,2.158367591068004,-0.21663230955699841
2024,Alex Wood,0.18317357,0.08781347,0.1825394317784772,0.09219327781082431,0.17741935,0.10215054,0.18285649941756654,0.09000337229908129,0.07526881,0.09285312711848526,0.01758431711848525,0.15585548772784216,1.7368420176731323,2.0316627560346765,0.2948207383615442
2024,George Kirby,0.21167134,0.04931192,0.2204057477574689,0.03814105332160933,0.25123153,0.02463054,0.21603854262139116,0.04372648716104499,0.22660098999999997,0.17231205546034617,-0.054288934539653805,0.20292059647307767,10.200000893200068,4.940679131751873,-5.259321761448195
2024,Cristian Javier,0.2392965,0.12551281,0.23450958220544998,0.12662249393344727,0.20155039,0.12403101,0.2369030390599546,0.12606765124738617,0.07751938,0.11083538781256844,0.03331600781256844,0.19908274368573875,1.6249999899218752,1.8791738936666074,0.25417390374473214
2024,Bryce Elder,0.20143649,0.08651511,0.1872113479869481,0.08517411113117257,0.17391304,0.08695652,0.19432391890371423,0.08584461242126484,0.08695652,0.10847930648244938,0.021522786482449388,0.16857053517733478,2.0,2.263670525415263,0.26367052541526315
2024,Tyler Anderson,0.23135692,0.077047,0.24151508350962536,0.08024438041980564,0.17699115,0.09292035,0.23643600116071173,0.07864568913248926,0.08407080000000001,0.15779031202822247,0.07371951202822245,0.21284229442096494,1.9047619816326564,3.0063440700786974,1.101582088446041
2024,Zack Littell,0.21662201,0.04895126,0.20988738570699905,0.0388948342001183,0.22641509,0.03773585,0.21325469779019463,0.04392304747282183,0.18867924000000003,0.1693316503173728,-0.01934758968262723,0.20007778354834807,5.9999997350000065,4.855189019435634,-1.1448107155643727
2024,Charlie Morton,0.21510413,0.07733825,0.20680905161531327,0.07315999127600747,0.23655914,0.09139785,0.21095659225300728,0.07524911988364735,0.14516129,0.13570747236935993,-0.009453817630640071,0.18838185628791307,2.588235281245675,2.8034426526077016,0.21520737136202683
2024,Griffin Canning,0.20518431,0.07590857,0.19912367259747998,0.08033326430403886,0.16831683,0.08910891,0.20215399163607367,0.07812091789287179,0.07920792,0.12403307374320188,0.04482515374320188,0.17871771626821215,1.8888888888888888,2.5877063031093672,0.6988174142204784
2024,Alec Marsh,0.2147553,0.06262198,0.21145194027626601,0.056597874902373446,0.20666667,0.06666667,0.21310361849170967,0.05960992790395314,0.14,0.15349369058775653,0.013493690587756513,0.19522064012052373,3.099999895000005,3.5749685662273265,0.47496867122732134
2024,Bryce Miller,0.24523114,0.07626233,0.24373586920216073,0.07409187342778512,0.25120773,0.07729469,0.24448350294090504,0.07517710296340618,0.17391304000000002,0.16930639997749886,-0.004606640022501163,0.22193037205188318,3.2499998382812585,3.25210061712423,0.0021007788429714402
2024,Brayan Bello,0.23618697,0.08308972,0.24318230976705646,0.08522563757243296,0.20666667,0.06,0.23968463803353357,0.08415767715246747,0.14666667,0.1555269608810661,0.008860290881066102,0.21443733488779332,3.4444445,2.8480424620002256,-0.5964020379997743
2024,Slade Cecconi,0.22886053,0.06588178,0.2240031037294069,0.07449741692995526,0.18348624,0.06422018,0.22643181550319985,0.070189599104998,0.11926606,0.15624221639820185,0.036976156398201857,0.20537493577170046,2.8571430351020504,3.2260024047790337,0.3688593696769833
2024,Jordan Hicks,0.22836755,0.10583903,0.22921629950324862,0.10168216295514276,0.19897959,0.08163265,0.22879192583223268,0.10376059595482434,0.11734694000000001,0.12503132987740834,0.007684389877408326,0.19766374704578538,2.4375000689062527,2.204998185745241,-0.2325018831610115
2024,Ben Lively,0.191907,0.072975844,0.20264992896275796,0.07460912321226543,0.23134328,0.08955224,0.1972784662423386,0.0737924836785433,0.14179104,0.12348598256379531,-0.018305057436204697,0.17514072113877563,2.58333325888889,2.6734222295827323,0.09008897069384236
2024,Andrew Heaney,0.22840083,0.06640715,0.2205399216720001,0.0623280983638117,0.22916667,0.05729167,0.22447037406308135,0.06436762494203196,0.171875,0.16010274912104938,-0.011772250878950619,0.20516008658047175,3.9999998254545552,3.4873179531672065,-0.5126818722873487
2024,Taijuan Walker,0.16930054,0.074980825,0.15772184146438756,0.07324460327970495,0.17391304,0.06521739,0.16351119137304385,0.07411271423274035,0.10869564999999999,0.0893984771403035,-0.019297172859696496,0.14127737710322175,2.6666666666666665,2.2062502104505364,-0.46041645621613014
2024,MacKenzie Gore,0.2565816,0.07778774,0.25452897090591137,0.07919901749051417,0.28977273,0.07386364,0.25555528769332736,0.0784933797546069,0.21590908999999997,0.17706190793872045,-0.03884718206127952,0.2320072737669453,3.923076766863913,3.2557559439059367,-0.6673208229579761
2024,Ronel Blanco,0.22476421,0.08923299,0.23088458429008896,0.09104420024813797,0.23684211,0.11052632,0.2278243986280271,0.09013859445185257,0.12631578999999998,0.13768580417617454,0.011370014176174559,0.20078282029247135,2.142857104081634,2.5274900281445953,0.3846329240629611
2024,Marcus Stroman,0.16667536,0.111279905,0.17248706655376433,0.10960842598747744,0.19905213,0.11848341,0.16958121278223037,0.11044416541492708,0.08056872,0.0591370473673033,-0.0214316726326967,0.13644796315775226,1.6800000101280002,1.53544745569068,-0.14455255443732007
2024,Matt Waldron,0.1950326,0.088811554,0.19887793969886292,0.08807429088082652,0.22613065,0.08542714,0.19695526814349884,0.08844292244775465,0.14070350999999998,0.1085123456957442,-0.03219116430425578,0.17042239140917245,2.6470586513840915,2.2269194944326385,-0.420139156951453
2024,Jameson Taillon,0.19013101,0.039932262,0.20326193643981338,0.040860133412272015,0.15384615,0.06837607,0.19669647253242195,0.040396197782352705,0.08547007999999999,0.15630027475006925,0.07083019475006926,0.18457761319771615,2.2499998903125027,4.869182827358813,2.6191829370463102
2024,Tanner Bibee,0.2523902,0.07424326,0.25011433455010057,0.07204004908139616,0.24615385,0.07692308,0.25125227020511925,0.07314165574578002,0.16923077,0.17811061445933923,0.008879844459339231,0.22930977348138526,3.199999922000003,3.4351460551891524,0.23514613318914934
2024,Cole Irvin,0.16069202,0.059190877,0.15414274790413657,0.06121310208417641,0.175,0.05,0.15741738457743068,0.060201989433058434,0.12499999999999999,0.09721539514437225,-0.02778460485562774,0.13935678774751314,3.4999999999999996,2.614820308429688,-0.8851796915703116
2024,Cristopher Sánchez,0.21519575,0.07221221,0.20294239632451438,0.07470112837355392,0.20967742,0.09677419,0.20906907077711773,0.07345667008062728,0.11290323000000001,0.13561240069649044,0.022709170696490436,0.18703206975292955,2.166666752777781,2.846155026461722,0.6794882736839409
2024,Chris Paddack,0.22304113,0.059155617,0.2297831415089162,0.05673039808847835,0.20918367,0.05102041,0.22641213680069605,0.057943007498871935,0.15816325999999997,0.16846912930182412,0.010305869301824144,0.20902923455103448,4.099999784400008,3.9074971523544746,-0.19250263204553297
2024,Trevor Rogers,0.20663202,0.070620425,0.21021976485427135,0.07027613281528411,0.1840796,0.09452736,0.2084258914717829,0.07044827893038719,0.08955224,0.1379776125413957,0.0484253725413957,0.18729140779266673,1.9473684655955694,2.958566123066498,1.0111976574709287
2024,Kutter Crawford,0.22386046,0.060726333,0.22794234233006466,0.061067241544082274,0.24186047,0.0744186,0.22590139993481154,0.06089678747681504,0.16744187,0.1650046124579965,-0.002437257542003496,0.20763236369176702,3.2500002687500165,3.7095782765358183,0.4595780077858018
2024,Nestor Cortes,0.21979134,0.070483424,0.21803662351144626,0.061251416273415016,0.23265306,0.04897959,0.21891398067957796,0.06586742002144452,0.18367347,0.15304656065813343,-0.03062690934186657,0.1991537546731446,4.750000153125005,3.323554810683429,-1.4264453424415762
2024,Quinn Priester,0.21053459,0.075970635,0.20774478605004598,0.07428390639327431,0.13821138,0.08130081,0.20913968677626277,0.0751272706056757,0.056910569999999994,0.13401241617058707,0.07710184617058707,0.18660150559456007,1.7000000369000012,2.7838052026937703,1.083805165793769
2024,Bailey Falter,0.18414025,0.07855615,0.18354261086468454,0.08193060598889867,0.15606936,0.06358382,0.18384143047573445,0.08024337809344073,0.09248553999999999,0.10359805238229372,0.01111251238229373,0.15976841704770223,2.4545451971901024,2.2910479947847815,-0.16349720240532095
2024,Luis Gil,0.2388368,0.12288996,0.24153532638450648,0.12184182282335487,0.27428571,0.14857143,0.24018606073806775,0.12236589057270153,0.12571428,0.11782017016536622,-0.007894109834633789,0.2034762935662573,1.8461537995562136,1.9628514091135998,0.11669760955738617
2024,Aaron Nola,0.20566969,0.0563888,0.19851675479372272,0.04975261121322094,0.23706897,0.06465517,0.20209322049597864,0.05307070515716761,0.1724138,0.14902251533881103,-0.023391284661188977,0.18617200894882835,3.6666668728888965,3.8079995337820454,0.1413326608931489
2024,Triston McKenzie,0.18278486,0.118525416,0.18744883989807548,0.12975230674254412,0.20100503,0.14070352,0.18511684763191433,0.12413886120074746,0.06030151,0.060977986431166864,0.0006764764311668614,0.14787518927169008,1.4285714387244897,1.4912078767385994,0.06263643801410979
2024,Hunter Brown,0.23365512,0.10421665,0.22555301051077026,0.1052746925569259,0.21518987,0.13291139,0.22960406770674774,0.10474567134264523,0.08227848000000001,0.12485839636410251,0.042579916364102494,0.19818036630395416,1.6190476226303858,2.1920148562098025,0.5729672335794167
2024,Yu Darvish,0.231652,0.053844407,0.2303533081276367,0.059093105221622144,0.22839506,0.07407407,0.2310026573172783,0.05646875621121772,0.15432099,0.17453390110606057,0.020212911106060577,0.21406203045391298,3.083333479583341,4.09080477092904,1.007471291345699
2024,Joe Boyle,0.21871242,0.12477524,0.22122093872455106,0.16443939118511297,0.2248062,0.17829457,0.2199666789980101,0.14460731476012278,0.04651163,0.0753593642378873,0.028847734237887307,0.17658448456997325,1.2608695822873348,1.5211310670064981,0.2602614847191633
2024,Zac Gallen,0.19633965,0.09415231,0.18702296491102782,0.0883789905782919,0.25280899,0.07865169,0.19168130842664047,0.091265649789392,0.17415730000000001,0.10041565863724847,-0.07374164136275155,0.16430161348982286,3.2142855417347045,2.1002568750561834,-1.114028666678521
2024,Hunter Greene,0.25629506,0.09366421,0.25007843362900944,0.09400157118889929,0.26605505,0.10091743,0.25318674438999755,0.09383288887666286,0.16513762,0.1593538555133347,-0.005783764486665316,0.2250368777269987,2.636363708429753,2.6982729341605887,0.06190922573083579
2024,Shota Imanaga,0.30848745,0.049187575,0.2652943457657837,0.058773841094944546,0.27868852,0.04371585,0.2868908954409134,0.05398070781527642,0.23497267,0.23291018762563698,-0.002062482374363017,0.2706966830963305,6.374999456718787,5.314693101518093,-1.0603063552006944
2024,Kyle Harrison,0.17936453,0.074819565,0.17996171032692676,0.07472857655500409,0.215311,0.08133971,0.17966312127960565,0.07477407068717001,0.13397129000000002,0.10488905059243564,-0.02908223940756438,0.15723090007345464,2.647058859688583,2.4027462946514806,-0.2443125650371023
2024,Kyle Hendricks,0.1766402,0.051697187,0.16775263212541786,0.05308642310202161,0.16556291,0.07284768,0.1721964148800574,0.05239180511385222,0.09271523000000001,0.11980460976620519,0.02708937976620518,0.15647887334590174,2.2727272852066123,3.2867051346266605,1.0139778494200482
2024,Chris Bassitt,0.17804097,0.08449633,0.17452703743669173,0.0805051011706075,0.21226415,0.10849057,0.17628400191412757,0.08250071395758196,0.10377358000000002,0.09378328795654561,-0.009990292043454405,0.151533787726853,1.9565216589792092,2.13675728921285,0.18023563023364075
2024,Colin Rea,0.16915612,0.077381864,0.1658520319906665,0.07360498852837938,0.15706806,0.06806283,0.16750407560903793,0.0754934263592405,0.08900523,0.09201064924979743,0.003005419249797428,0.14485604770126578,2.3076921720710115,2.218790213759257,-0.08890195831175474
2024,Jake Irvin,0.19951516,0.061606593,0.19993152430729022,0.0636220796726894,0.18357488,0.04347826,0.19972334410287912,0.06261433655136583,0.14009662,0.13710900755151328,-0.0029876124484867206,0.18093904313746936,4.222222324444447,3.189738246911481,-1.032484077532966
2024,Carlos Carrasco,0.17851476,0.10109813,0.18513717540257946,0.09466370971265192,0.17171717,0.09090909,0.18182596955773123,0.09788091868789373,0.08080808,0.0839450508698375,0.0031369708698374965,0.1524616939513631,1.888888888888889,1.8576242642093237,-0.03126462467956537
2024,JP Sears,0.19808158,0.068040974,0.2015952318108869,0.06788808318735784,0.16990291,0.06796117,0.1998384072977698,0.06796452881277415,0.10194173999999999,0.13187387848499565,0.029932138484995666,0.17944904865393757,2.49999977928573,2.9403338887006236,0.4403341094148936
2024,Michael Lorenzen,0.19271043,0.08267139,0.1913586191749686,0.08562928305337403,0.1875,0.125,0.19203452430248827,0.08415033601855026,0.0625,0.107884188283938,0.045384188283938004,0.1667894234969232,1.5,2.2820410872768924,0.7820410872768924
2024,Emerson Hancock,0.17568213,0.068705216,0.18622411850270626,0.06708904834784413,0.15436242,0.0738255,0.1809531229892224,0.06789713219899607,0.08053692,0.11305599079022632,0.032519070790226326,0.16058398332952356,2.0909092386776926,2.6651070100998755,0.5741977714221829
2024,Carlos Rodón,0.2269617,0.086589545,0.21788689152260982,0.08335431498472756,0.23333333,0.06666667,0.2224242968154965,0.08497192999812397,0.16666666000000002,0.13745236681737252,-0.0292142931826275,0.1969327178160593,3.4999997750000116,2.6176208639771654,-0.8823789110228462
2024,Gavin Stone,0.23382172,0.07553488,0.21848854800861645,0.07915950460879073,0.15846995,0.08743169,0.22615513394674444,0.07734719238503807,0.07103825999999999,0.14880794156170637,0.07776968156170638,0.202950976231233,1.8125001358203185,2.923895838661257,1.1113957028409382
2024,Keaton Winn,0.19808732,0.06694284,0.20765401029081254,0.0692022592003041,0.18644068,0.08474576,0.20287066501126244,0.06807255000744727,0.10169492,0.13479811500381517,0.03310319500381517,0.18244890000902825,2.200000094400003,2.980212508405635,0.7802124140056317
2024,Michael Wacha,0.1935957,0.07593483,0.19750493502125488,0.08265110631486983,0.20560748,0.07943925,0.19555032121889465,0.07929296682129905,0.12616823,0.1162573543975956,-0.00991087560240439,0.17176243117250495,2.5882354125951594,2.466174858352853,-0.12206055424230655
2024,Trevor Williams,0.1747675,0.08494804,0.16600457398258767,0.08036810732006106,0.19753086,0.08024691,0.1703860340921239,0.08265807393252389,0.11728395,0.08772796015960002,-0.029555989840399977,0.14558861191236674,2.461538519053257,2.061335644370504,-0.4002028746827526
2024,Javier Assad,0.15242755,0.06973891,0.14778717109411038,0.06746529794862344,0.21649485,0.07731959,0.1501073626123323,0.06860210377539433,0.13917526,0.08150525883693796,-0.057670001163062035,0.129526731479714,2.799999974133334,2.1880868712683945,-0.6119131028649396
2024,Max Fried,0.18027496,0.08434875,0.1882101208703157,0.08972070287655076,0.1902439,0.09756098,0.18424254212461097,0.08703472798561196,0.09268291999999999,0.09720781413899901,0.004524894138999022,0.15813212372892738,1.9499998872500048,2.116885367356681,0.16688548010667614
2024,Ross Stripling,0.17119932,0.060819536,0.17849741920635304,0.06311099499192085,0.14354067,0.05741627,0.1748483704765896,0.06196526571972294,0.08612440000000002,0.11288310475686666,0.026758704756866647,0.15625879076067273,2.49999991291667,2.8217158184627467,0.32171590554607654
2024,J.P. France,0.19199918,0.13534282,0.20027930754272466,0.14450083252472412,0.18181818,0.09917355,0.19613924482389453,0.1399218270017839,0.08264463,0.05621741782211062,-0.026427212177889375,0.15416269672335936,1.8333333837500019,1.4017773282891302,-0.4315560554608717
2024,Andrew Abbott,0.16931914,0.07815809,0.1689696485781993,0.08541691268206453,0.20098039,0.06862745,0.16914439325453468,0.08178750035524773,0.13235294,0.08735689289928694,-0.04499604710071306,0.14460814314796036,2.928571438979592,2.068095888978735,-0.860475550000857
2024,Paul Blackburn,0.23683773,0.07049631,0.23594028614338475,0.08010143392146252,0.19148936,0.06914894,0.23638900797752657,0.07529887359768461,0.12234041999999999,0.16109013437984196,0.03874971437984197,0.2137993458982212,2.769230591242613,3.139343215683845,0.37011262444123183
2024,Nick Martinez,0.19069956,0.051806938,0.21868562647769862,0.05713787727884134,0.15,0.03,0.2046925944540402,0.05447240759100358,0.12,0.15022018686303662,0.030220186863036624,0.18835087217673913,5.0,3.7577298949394393,-1.2422701050605607
2024,Luis Severino,0.1972912,0.07889413,0.19681749703576157,0.07887143538603669,0.21465969,0.10471204,0.1970543462141851,0.07888278313581887,0.10994764999999998,0.11817156307836624,0.008223913078366257,0.17338951127343943,2.0500000764000013,2.4980653367021888,0.4480652603021875
2024,Tommy Henry,0.1687059,0.05675382,0.1639867642657135,0.05244328689476796,0.18461538,0.08461538,0.16634632990440598,0.05459855428288851,0.09999999999999999,0.11174777562151747,0.011747775621517478,0.14996676361953942,2.181818246280995,3.046716750823196,0.8648985045422011
2024,Dakota Hudson,0.1751114,0.09472891,0.16464100961330658,0.1039903092353347,0.125,0.13586957,0.16987620385707977,0.09935960933411137,-0.010869569999999995,0.0705165945229684,0.0813861645229684,0.14006832105684636,0.9199999676160012,1.7097108673791777,0.7897108997631764
2024,Mitchell Parker,0.17348543,0.05747049,0.1789151096962222,0.05955260385324457,0.1953125,0.0546875,0.17620026889554305,0.05851154657329072,0.140625,0.11768872232225233,-0.02293627767774767,0.15864680492355585,3.5714285714285716,3.011376031136643,-0.5600525402919287
2024,Ryan Feltner,0.22038211,0.078322336,0.21556945264287858,0.07859574830251259,0.19444444,0.06481481,0.21797578096363976,0.07845904219010136,0.12962963,0.1395167387735384,0.009887108773538406,0.19443806830660934,3.0000001542857255,2.778211087964827,-0.22178906632089834
2024,Bryse Wilson,0.19495109,0.095092006,0.19728422568976473,0.10387230350867327,0.18,0.14,0.19611765646308457,0.0994821547681859,0.03999999999999998,0.09663550169489868,0.0566355016948987,0.16627301003262882,1.2857142857142856,1.9713852893524422,0.6856710036381566
2024,Erick Fedde,0.17066948,0.0850507,0.1902666449837085,0.08564724048146677,0.23584906,0.06603774,0.1804680630709825,0.08534897128824925,0.16981132,0.09511909178273326,-0.07469222821726673,0.15486337168450773,3.571428398367358,2.1144726216029874,-1.4569557767643704
2024,Kenta Maeda,0.17721915,0.086574234,0.17815703906557934,0.08825707878081812,0.17164179,0.07462687,0.17768809575807043,0.08741565642460591,0.09701491999999999,0.09027243933346452,-0.006742480666535475,0.15146339883068866,2.2999998526000085,2.0326804490831973,-0.26731940351681116
2024,Jordan Wicks,0.253247,0.05868394,0.23622154243046156,0.07628699833895825,0.25925926,0.08333333,0.24473426762846168,0.067485468808542,0.17592593,0.17724879881991967,0.0013228688199196648,0.22448862698589908,3.1111112444444498,3.6264735497767533,0.5153623053323035
2024,José Buttó,0.18665466,0.13424264,0.2003017110271152,0.14918882956846513,0.24358974,0.13461538,0.1934781840762941,0.14171573425702233,0.10897435999999999,0.05176244981927178,-0.057211910180728215,0.1509634637991874,1.8095238448979603,1.3652554890298416,-0.44426835586811864
2024,Jordan Montgomery,0.18446383,0.081825346,0.18956332029526224,0.08945343159813524,0.14285714,0.07563025,0.1870135745486855,0.08563938867637932,0.06722689,0.10137418587230618,0.03414729587230618,0.1613217579457717,1.8888889035802474,2.183733179780004,0.2948442761997565
2024,Graham Ashcraft,0.19200602,0.071317956,0.2033896838771047,0.07828411936154889,0.18134715,0.07772021,0.19769785280757854,0.07480103760655188,0.10362694000000001,0.12289681520102666,0.019269875201026646,0.175257541525613,2.333333247555559,2.642982759777413,0.3096495122218541
2024,Chris Flexen,0.14239928,0.105534464,0.13371394799487302,0.08167188604477782,0.17808219,0.0890411,0.13805661462911223,0.09360317508282134,0.08904109,0.044453439546290885,-0.04458765045370912,0.10997566210426582,1.9999998876923128,1.4749137997397832,-0.5250860879525296
2024,Adrian Houser,0.15378834,0.09961544,0.167806692346663,0.0992327134064257,0.11678832,0.1459854,0.16079751770930029,0.0994240765895158,-0.029197079999999986,0.06137344111978449,0.09057052111978448,0.13097029473244554,0.8,1.6172895260890587,0.8172895260890587
2024,Sean Manaea,0.2016197,0.10422914,0.1972950616400026,0.10338337657822505,0.21142857,0.11428571,0.19945738061868065,0.10380625693983503,0.09714286000000001,0.09565112367884562,-0.0014917363211543883,0.16831550353673014,1.8500000568750024,1.9214389045381337,0.07143884766313136
2024,Justin Verlander,0.20488152,0.078659296,0.19884886928796602,0.08193229600947838,0.19327731,0.10084034,0.2018651941835872,0.08029579602262249,0.09243697000000001,0.12156939816096471,0.029132428160964702,0.17777645537680045,1.916666584027781,2.5140194653119052,0.5973528812841242
2024,Michael Soroka,0.16048312,0.10772748,0.14085091316351067,0.102740604341236,0.12435233,0.12435233,0.15066701751772946,0.10523404362808031,0.0,0.04543297388964915,0.04543297388964915,0.11909680442930537,1.0,1.4317326629604676,0.43173266296046764
2024,Cal Quantrill,0.16190906,0.09641021,0.159007421209249,0.09825063059675476,0.16744186,0.09302326,0.16045823994966005,0.09733041902357231,0.0744186,0.06312782092608774,-0.011290779073912266,0.13125911424258835,1.7999999140000038,1.648592922535337,-0.15140699146466674
2024,Casey Mize,0.17938018,0.06361298,0.1865250174417017,0.0634889561974199,0.17486339,0.05464481,0.1829525979466199,0.06355096941407479,0.12021858,0.1194016285325451,-0.0008169514674549044,0.16388730712239746,3.1999999634000007,2.8788325281801432,-0.32116743521985747
2024,Lance Lynn,0.17031793,0.1037449,0.1877447110742868,0.10843549011902343,0.21287129,0.0990099,0.17903132201882904,0.10609019591786628,0.11386138999999999,0.07294112610096276,-0.04092026389903723,0.14720426324346916,2.1500000505000005,1.6875388010163812,-0.46246124948361933
2024,Ryne Nelson,0.17472231,0.053462956,0.18913064807538366,0.05933459051603007,0.16312057,0.04964539,0.18192648097815203,0.05639877330836618,0.11347518,0.12552770766978585,0.012052527669785859,0.1650068489856422,3.2857143432653064,3.2257169847196856,-0.05999735854562083
2024,James Paxton,0.14436261,0.08911644,0.13843658479303206,0.08983771474630009,0.12972973,0.12972973,0.14139959917590064,0.08947707698479479,0.0,0.05192252219110585,0.05192252219110585,0.11455647608046221,1.0,1.5802885380344875,0.5802885380344875
2024,Patrick Corbin,0.14925456,0.067585684,0.14452489552997366,0.07096461131758214,0.13242009,0.08219178,0.14688972800027736,0.06927514783832789,0.050228309999999984,0.07761458016194947,0.027386270161949486,0.126107183648779,1.611111111111111,2.120381299554696,0.5092701884435848
2024,Jose Quintana,0.16087998,0.09342221,0.15301336834532758,0.0886337815731717,0.15533981,0.08737864,0.15694667642167578,0.09102799663990502,0.06796117,0.06591867978177077,-0.0020424902182292343,0.12963827742970427,1.7777778413580254,1.7241583053017913,-0.05361953605623415
2024,Simeon Woods Richardson,0.15065551,0.049921203,0.16134514659612798,0.04244263566289064,0.2,0.048,0.1560003273187549,0.046181919533777815,0.15200000000000002,0.10981840778497709,-0.042181592215022934,0.14214575145862157,4.166666666666667,3.3779524301638233,-0.7887142365028437
2024,Frankie Montas,0.17250337,0.0720202,0.17271233587015267,0.0780489669460207,0.16129032,0.09677419,0.17260785146826801,0.07503458491057902,0.06451612999999999,0.097573266557689,0.03305713655768901,0.15009747599509432,1.6666667011111123,2.3003772416942136,0.6337105405831014
2024,Steven Matz,0.1508399,0.06825391,0.15099319178795156,0.07453732825163306,0.13385827,0.08661417,0.15091654339897304,0.0713956201416418,0.0472441,0.07952092325733123,0.032276823257331236,0.1294978573564805,1.5454546294214906,2.1138067447214497,0.5683521152999591
